Age,Breed,Gender
Senior,Domestic Short Hair,Male
Adult,Domestic Medium Hair,Male
Senior,Domestic Short Hair,Female
Senior,Domestic Short Hair,Male
Adult,Domestic Short Hair,Male
Adult,Domestic Short Hair,Male
Kitten,Domestic Long Hair,Male
Adult,Domestic Short Hair,Female
Kitten,Domestic Short Hair,Male
Kitten,Domestic Short Hair,Female
Adult,Domestic Short Hair,Male
Kitten,Domestic Short Hair,Female
Kitten,Domestic Short Hair,Female
Adult,Domestic Short Hair,Female
Adult,Domestic Short Hair,Female
Young,Domestic Short Hair,Male
Adult,Domestic Short Hair,Female
Kitten,Domestic Short Hair & Tiger Mix,Female
Kitten,American Shorthair,Female
Young,American Shorthair,Female
Adult,Domestic Short Hair & Tabby Mix,Male
Kitten,Domestic Medium Hair,Male
Kitten,Tabby Mix,Male
Kitten,Domestic Medium Hair Mix,Male
Adult,Domestic Short Hair & American Shorthair Mix,Male
Adult,Tabby & Domestic Short Hair Mix,Male
Kitten,American Shorthair,Male
Kitten,Bombay,Male
Kitten,Domestic Short Hair & Tiger Mix,Male
Kitten,Tabby & Domestic Short Hair Mix,Male
Adult,Domestic Short Hair,Female
Kitten,Siamese,Female
Kitten,Domestic Short Hair,Female
Kitten,Domestic Short Hair,Female
Kitten,Domestic Short Hair,Male
Kitten,Tortoiseshell,Female
Kitten,Tabby & Domestic Short Hair Mix,Male
Kitten,American Bobtail & Domestic Short Hair Mix,Female
Young,Tuxedo,Male
Adult,Bengal Mix,Female
Kitten,Domestic Short Hair,Male
Kitten,Domestic Short Hair & Tabby Mix,Male
Young,Domestic Short Hair,Female
Young,Domestic Short Hair,Male
Young,Domestic Long Hair & Domestic Short Hair Mix,Male
Young,Domestic Short Hair,Male
Kitten,Domestic Short Hair & Calico Mix,Male
Kitten,American Shorthair,Male
Adult,Domestic Medium Hair & Calico Mix,Male
Kitten,Domestic Short Hair & American Shorthair Mix,Female
Kitten,Bombay & Domestic Short Hair Mix,Female
Kitten,Tabby Mix,Female
Kitten,Domestic Short Hair Mix,Male
Young,Domestic Short Hair,Female
Young,Tortoiseshell,Female
Young,Manx & Domestic Short Hair Mix,Male
Kitten,American Shorthair,Male
Young,Domestic Short Hair & Calico Mix,Female
Kitten,American Shorthair,Male
Young,American Shorthair,Male
Young,Tuxedo & American Bobtail Mix,Female
Young,Domestic Medium Hair,Female
Young,Domestic Short Hair,Female
Kitten,Domestic Short Hair,Female
Young,Dilute Calico,Female
Young,Tabby,Female
Young,American Shorthair,Female
Young,Calico Mix,Female
Young,Domestic Short Hair & Dilute Tortoiseshell Mix,Female
Young,Domestic Long Hair & Domestic Short Hair Mix,Female
Young,Domestic Short Hair Mix,Male
Young,American Shorthair,Female
Kitten,Domestic Long Hair & Domestic Short Hair Mix,Female
Young,Domestic Medium Hair & Domestic Short Hair Mix,Female
Adult,Domestic Short Hair Mix,Male
Young,Domestic Medium Hair Mix,Female
Young,Domestic Short Hair,Male
Kitten,Domestic Short Hair,Female
Senior,Tabby,Male
Adult,Domestic Short Hair,Female
Adult,Tabby,Male
Kitten,Tabby,Male
Kitten,Tabby Mix,Female
Kitten,Tuxedo,Male
Young,Tuxedo,Male
Adult,American Shorthair,Male
Adult,Siamese & Tortoiseshell Mix,Female
Adult,Siamese,Female
Kitten,Domestic Short Hair & Bombay Mix,Male
Young,Domestic Short Hair,Male
Young,Domestic Long Hair,Male
Kitten,Bombay Mix,Male
Kitten,Domestic Short Hair,Male
Kitten,Domestic Short Hair,Female
Kitten,Domestic Short Hair,Male
Young,Domestic Short Hair,Female
Adult,Domestic Short Hair Mix,Male
Young,Domestic Short Hair,Male
Young,American Shorthair,Male
Adult,Domestic Short Hair,Female
Adult,American Shorthair,Female
Young,Domestic Short Hair,Female
Adult,Domestic Medium Hair Mix,Male
Adult,Domestic Short Hair Mix,Female
Adult,Domestic Short Hair,Male
Young,Domestic Short Hair,Unknown
Adult,Tabby,Female
Adult,Domestic Short Hair,Female
Adult,Domestic Long Hair,Female
Young,Domestic Short Hair,Female
Young,Domestic Short Hair,Female
Senior,Domestic Short Hair,Female
Adult,Domestic Short Hair,Male
Adult,Domestic Short Hair Mix,Female
Adult,Domestic Short Hair Mix,Female
Adult,Domestic Long Hair Mix,Female
Adult,Domestic Short Hair,Female
Adult,Domestic Short Hair,Female
Young,Domestic Short Hair,Male
Young,Domestic Short Hair,Male
Kitten,Domestic Short Hair,Female
Kitten,Domestic Short Hair,Female
Kitten,Domestic Short Hair,Male
Kitten,Domestic Short Hair,Male
Adult,Domestic Short Hair Mix,Male
Young,Domestic Short Hair,Female
Kitten,Domestic Short Hair,Female
Kitten,Domestic Short Hair,Female
Young,Domestic Short Hair,Male
Adult,Domestic Short Hair,Female
Adult,Domestic Short Hair,Female
Adult,Domestic Short Hair,Female
Adult,Domestic Short Hair,Female
Adult,Domestic Short Hair,Female
Adult,Domestic Short Hair,Female
Senior,Domestic Short Hair,Female
Adult,Domestic Short Hair,Female
Adult,Domestic Short Hair,Female
Adult,Domestic Short Hair,Female
Senior,Domestic Short Hair,Female
Adult,Domestic Short Hair,Male
Senior,Domestic Short Hair,Female
Adult,Domestic Short Hair,Female
Adult,Domestic Short Hair,Male
Adult,Domestic Short Hair,Female
Adult,Domestic Short Hair,Female
Senior,Domestic Short Hair,Female
Adult,Domestic Short Hair Mix,Unknown
Adult,Domestic Short Hair,Female
Adult,Domestic Medium Hair,Female
Adult,Domestic Short Hair,Female
Adult,Domestic Short Hair,Female
Senior,Persian,Female
Senior,Domestic Short Hair,Male
Kitten,Domestic Short Hair,Male
Kitten,Domestic Short Hair,Male
Kitten,Domestic Short Hair,Female
Kitten,Domestic Short Hair,Male
Senior,Domestic Short Hair,Female
Senior,Snowshoe & Siamese Mix,Female
Senior,Domestic Short Hair,Male
Adult,Domestic Short Hair,Male
Young,Domestic Long Hair,Female
Kitten,Domestic Short Hair,Female
Adult,Domestic Short Hair,Male
Adult,Domestic Short Hair,Male
Young,Domestic Short Hair,Male
Adult,Domestic Short Hair,Female
Kitten,Domestic Short Hair,Male
Young,Domestic Short Hair,Female
Young,Domestic Short Hair,Male
Young,Domestic Short Hair,Male
Adult,Bengal,Female
Young,Domestic Short Hair,Male
Young,Domestic Short Hair,Female
Adult,Domestic Short Hair,Female
Adult,Domestic Short Hair,Female
Kitten,Domestic Short Hair,Female
Kitten,Domestic Short Hair,Male
Adult,Domestic Short Hair,Male
Adult,Domestic Short Hair,Female
Young,Domestic Short Hair,Female
Young,Domestic Short Hair,Female
Young,Domestic Short Hair,Male
Young,Domestic Short Hair,Male
Young,Domestic Short Hair,Female
Young,Domestic Short Hair,Male
Adult,Domestic Short Hair,Female
Adult,Domestic Short Hair,Male
Adult,Domestic Short Hair,Male
Young,Domestic Short Hair,Female
Young,Domestic Medium Hair,Male
Senior,Domestic Short Hair,Female
Adult,Domestic Short Hair,Female
Adult,Domestic Medium Hair,Female
Young,Domestic Short Hair,Female
Adult,Domestic Short Hair,Female
Adult,Domestic Short Hair,Male
Senior,Domestic Short Hair,Female
Young,Domestic Long Hair,Female
Adult,Domestic Medium Hair,Female
Senior,Domestic Short Hair,Female
Young,Domestic Medium Hair,Female
Young,Domestic Short Hair,Female
Adult,Domestic Short Hair,Male
Adult,Domestic Short Hair,Female
Young,Domestic Short Hair,Female
Adult,Domestic Short Hair,Male
Young,Domestic Medium Hair,Female
Adult,Domestic Short Hair,Female
Young,Domestic Short Hair,Female
Kitten,Domestic Short Hair,Female
Young,Domestic Short Hair Mix,Female
Adult,Domestic Long Hair Mix,Female
Adult,Domestic Short Hair Mix,Female
Young,Domestic Short Hair Mix,Male
Young,Domestic Short Hair,Female
Adult,Domestic Short Hair,Female
Adult,Domestic Short Hair,Female
